
-- C:\Program Files\MySQL\MySQL Server 5.1\bin>mysql -u root agency
--	--character-sets-dir="C:\Program Files\MySQL\MySQL Server 5.1\share\charsets"
--	--default-character-set=cp1251
--	< C:\Projects\agency\RealEstateAgency\template\agency-insert.sql



INSERT INTO `area` (`obj_id`, `obj_name`, `country`) VALUES 
	(1,'Київська',NULL),
	(2,'Вінницька',NULL),
	(3,'Волинська',NULL),
	(4,'Дніпропетровська',NULL),
	(5,'Донецька',NULL),
	(6,'Житомирська',NULL),
	(7,'Закарпатська',NULL),
	(8,'Запорізька',NULL),
	(9,'Івано-Франківська',NULL),
	(10,'Кіровоградська',NULL),
	(11,'Луганська',NULL),
	(12,'Львівська',NULL),
	(13,'Миколаївська',NULL),
	(14,'Одеська',NULL),
	(15,'Полтавська',NULL),
	(16,'Рівненська',NULL),
	(17,'Сумська',NULL),
	(18,'Тернопільська',NULL),
	(19,'Харківська',NULL),
	(20,'Херсонська',NULL),
	(21,'Хмельницька',NULL),
	(22,'Черкаська',NULL),
	(23,'Чернівецька',NULL),
	(24,'Чернігівська',NULL),
	(25,'Автономна Республіка Крим',NULL)
;

INSERT INTO `district` (`obj_id`, `obj_name`, `area`) VALUES 
	(100,'Київ ...',1),
	(200,'Вінниця ...',2),
	(300,'Луцьк ...',3),
	(400,'Дніпропетровськ ...',4),
	(500,'Донецьк ...',5),
	(600,'Житомир ...',6),
	(700,'Ужгород ...',7),
	(800,'Запоріжжя ...',8),
	(900,'Івано-Франківськ ...',9),
	(1000,'Кіровоград ...',10),
	(1100,'Луганськ ...',11),
	(1200,'Львів ...',12),
	(1300,'Миколаїв ...',13),
	(1400,'Одеса ...',14),
	(1500,'Полтава ...',15),
	(1600,'Рівне ...',16),
	(1700,'Суми ...',17),
	(1800,'Тернопіль ...',18),
	(1900,'Харків ...',19),
	(2000,'Херсон ...',20),
	(2100,'Хмельницький ...',21),
	(2200,'Черкаси ...',22),
	(2300,'Чернівці ...',23),
	(2400,'Чернігів ...',24),
	(2500,'Сімферополь ...',25),
	(101,'Березаньський',1),
	(102,'Біло Церківський',1),
	(103,'Бориспільський',1),
	(104,'Броварський',1),
	(105,'Васильківський',1),
	(106,'Ірпіньський',1),
	(107,'Переяслав-Хмельницький',1),
	(108,'Припятьський',1),
	(109,'Ржищівський',1),
	(110,'Славутичський',1),
	(111,'Фастівський',1)
;

INSERT INTO `settlement` (`obj_id`, `obj_name`, `district`) VALUES 
	(100,'Київ',100),
	(200,'Вінниця',200),
	(300,'Луцьк',300),
	(400,'Дніпропетровськ',400),
	(500,'Донецьк',500),
	(600,'Житомир',600),
	(700,'Ужгород',700),
	(800,'Запоріжжя',800),
	(900,'Івано-Франківськ',900),
	(1000,'Кіровоград',1000),
	(1100,'Луганськ',1100),
	(1200,'Львів',1200),
	(1300,'Миколаїв',1300),
	(1400,'Одеса',1400),
	(1500,'Полтава',1500),
	(1600,'Рівне',1600),
	(1700,'Суми',1700),
	(1800,'Тернопіль',1800),
	(1900,'Харків',1900),
	(2000,'Херсон',2000),
	(2100,'Хмельницький',2100),
	(2200,'Черкаси',2200),
	(2300,'Чернівці',2300),
	(2400,'Чернігів',2400),
	(2500,'Сімферополь',2500),
	(101,'Березань',101),
	(102,'Біла Церква',102),
	(103,'Бориспіль',103),
	(104,'Бровари',104),
	(105,'Васильків',105),
	(106,'Ірпінь',106),
	(107,'Переяслав-Хмельницький',107),
	(108,'Припять',108),
	(109,'Ржищів',109),
	(110,'Славутич',110),
	(111,'Фастів',111)
;

INSERT INTO `settlement_part` 
	(`obj_id`, `obj_name`, `settlement`) VALUES 
	(1,'Голосіївський',100),(2,'Дарницький',100),(3,'Деснянський',100),
	(4,'Дніпровський',100),(5,'Оболонський',100),(6,'Печерський',100),
	(7,'Подольский',100),(8,'Святошиньский',100),(9,'Соломеньский',100),
	(10,'Шевченківський',100);

INSERT INTO `users` 
	(`user_reg_id`, `login_name`, `password`, `first_name`, `family_name`, `agency`, `image_file`, `description_file`, `show_details`, `rights`) VALUES 
	(1,'user name',sha1('user password'),NULL,NULL,NULL,'my_picture','my_descr',NULL,NULL);
